Mes,Nom mes,Any,Motiu de la denúncia,Àmbit territorial,No ratificades,Ratificades,Total
1,gener,2011,Sense especificar,Catalunya,,2,2
1,gener,2011,Pèrdues i diversos,Catalunya,130,38,168
1,gener,2011,Furt,Catalunya,314,89,403
1,gener,2011,Robatori amb violència i/o intimidació,Catalunya,49,8,57
1,gener,2011,Robatori amb força interior vehicle,Catalunya,46,21,67
1,gener,2011,Robatori i furt d'ús de vehicle sense intimidació,Catalunya,22,11,33
1,gener,2011,Danys,Catalunya,111,49,160
1,gener,2011,Falta de furt,Catalunya,,18,18
1,gener,2011,Falta de danys,Catalunya,,2,2
2,febrer,2011,Pèrdues i diversos,Catalunya,104,54,158
2,febrer,2011,Furt,Catalunya,260,94,354
2,febrer,2011,Robatori amb violència i/o intimidació,Catalunya,49,10,59
2,febrer,2011,Robatori amb força interior vehicle,Catalunya,39,16,55
2,febrer,2011,Robatori i furt d'ús de vehicle sense intimidació,Catalunya,25,6,31
2,febrer,2011,Danys,Catalunya,119,29,148
2,febrer,2011,Falta de furt,Catalunya,,22,22
2,febrer,2011,Falta de danys,Catalunya,,3,3
3,març,2011,Sense especificar,Catalunya,,2,2
3,març,2011,Pèrdues i diversos,Catalunya,109,41,150
3,març,2011,Furt,Catalunya,313,79,392
3,març,2011,Robatori amb violència i/o intimidació,Catalunya,45,6,51
3,març,2011,Robatori amb força interior vehicle,Catalunya,40,20,60
3,març,2011,Robatori i furt d'ús de vehicle sense intimidació,Catalunya,15,7,22
3,març,2011,Danys,Catalunya,137,37,174
3,març,2011,Falta de furt,Catalunya,,21,21
3,març,2011,Falta de danys,Catalunya,,1,1
4,abril,2011,Sense especificar,Catalunya,,1,1
4,abril,2011,Pèrdues i diversos,Catalunya,114,36,150
4,abril,2011,Furt,Catalunya,276,86,362
4,abril,2011,Robatori amb violència i/o intimidació,Catalunya,37,4,41
4,abril,2011,Robatori amb força interior vehicle,Catalunya,28,16,44
4,abril,2011,Robatori i furt d'ús de vehicle sense intimidació,Catalunya,26,4,30
4,abril,2011,Danys,Catalunya,123,25,148
4,abril,2011,Falta de furt,Catalunya,,14,14
4,abril,2011,Falta de danys,Catalunya,,4,4
5,maig,2011,Sense especificar,Catalunya,,4,4
5,maig,2011,Pèrdues i diversos,Catalunya,115,58,173
5,maig,2011,Furt,Catalunya,334,101,435
5,maig,2011,Robatori amb violència i/o intimidació,Catalunya,48,13,61
5,maig,2011,Robatori amb força interior vehicle,Catalunya,47,17,64
5,maig,2011,Robatori i furt d'ús de vehicle sense intimidació,Catalunya,24,7,31
5,maig,2011,Danys,Catalunya,105,39,144
5,maig,2011,Falta de furt,Catalunya,,41,41
5,maig,2011,Falta de danys,Catalunya,,2,2
6,juny,2011,Sense especificar,Catalunya,,4,4
6,juny,2011,Pèrdues i diversos,Catalunya,110,47,157
6,juny,2011,Furt,Catalunya,293,95,388
6,juny,2011,Robatori amb violència i/o intimidació,Catalunya,41,11,52
6,juny,2011,Robatori amb força interior vehicle,Catalunya,37,23,60
6,juny,2011,Robatori i furt d'ús de vehicle sense intimidació,Catalunya,9,6,15
6,juny,2011,Danys,Catalunya,123,32,155
6,juny,2011,Falta de furt,Catalunya,,37,37
6,juny,2011,Falta de danys,Catalunya,,2,2
7,juliol,2011,Sense especificar,Catalunya,,2,2
7,juliol,2011,Pèrdues i diversos,Catalunya,102,41,143
7,juliol,2011,Furt,Catalunya,323,106,429
7,juliol,2011,Furt interior vehicle,Catalunya,,1,1
7,juliol,2011,Robatori amb violència i/o intimidació,Catalunya,32,13,45
7,juliol,2011,Robatori amb força interior vehicle,Catalunya,30,18,48
7,juliol,2011,Robatori i furt d'ús de vehicle sense intimidació,Catalunya,24,4,28
7,juliol,2011,Danys,Catalunya,106,28,134
7,juliol,2011,Falta de furt,Catalunya,,44,44
7,juliol,2011,Falta de danys,Catalunya,,2,2
8,agost,2011,Sense especificar,Catalunya,,2,2
8,agost,2011,Pèrdues i diversos,Catalunya,87,32,119
8,agost,2011,Furt,Catalunya,234,76,310
8,agost,2011,Robatori amb violència i/o intimidació,Catalunya,34,17,51
8,agost,2011,Robatori amb força interior vehicle,Catalunya,26,18,44
8,agost,2011,Robatori i furt d'ús de vehicle sense intimidació,Catalunya,10,3,13
8,agost,2011,Danys,Catalunya,78,24,102
8,agost,2011,Falta de furt,Catalunya,,19,19
8,agost,2011,Falta de danys,Catalunya,,1,1
9,setembre,2011,Sense especificar,Catalunya,,1,1
9,setembre,2011,Pèrdues i diversos,Catalunya,100,27,127
9,setembre,2011,Furt,Catalunya,280,76,356
9,setembre,2011,Furt interior vehicle,Catalunya,,1,1
9,setembre,2011,Robatori amb violència i/o intimidació,Catalunya,54,16,70
9,setembre,2011,Robatori amb força interior vehicle,Catalunya,31,11,42
9,setembre,2011,Robatori i furt d'ús de vehicle sense intimidació,Catalunya,13,10,23
9,setembre,2011,Danys,Catalunya,92,30,122
9,setembre,2011,Falta de furt,Catalunya,,25,25
9,setembre,2011,Falta de danys,Catalunya,,2,2
10,octubre,2011,Pèrdues i diversos,Catalunya,109,31,140
10,octubre,2011,Furt,Catalunya,308,74,382
10,octubre,2011,Furt interior vehicle,Catalunya,,1,1
10,octubre,2011,Robatori amb violència i/o intimidació,Catalunya,38,11,49
10,octubre,2011,Robatori amb força interior vehicle,Catalunya,35,14,49
10,octubre,2011,Robatori i furt d'ús de vehicle sense intimidació,Catalunya,21,4,25
10,octubre,2011,Danys,Catalunya,91,23,114
10,octubre,2011,Falta de furt,Catalunya,,31,31
10,octubre,2011,Falta de danys,Catalunya,,1,1
11,novembre,2011,Sense especificar,Catalunya,,4,4
11,novembre,2011,Pèrdues i diversos,Catalunya,105,37,142
11,novembre,2011,Furt,Catalunya,258,81,339
11,novembre,2011,Robatori amb violència i/o intimidació,Catalunya,36,9,45
11,novembre,2011,Robatori amb força interior vehicle,Catalunya,40,13,53
11,novembre,2011,Robatori i furt d'ús de vehicle sense intimidació,Catalunya,18,4,22
11,novembre,2011,Danys,Catalunya,113,22,135
11,novembre,2011,Falta de furt,Catalunya,,12,12
11,novembre,2011,Falta de danys,Catalunya,,4,4
12,desembre,2011,Sense especificar,Catalunya,,1,1
12,desembre,2011,Pèrdues i diversos,Catalunya,81,43,124
12,desembre,2011,Furt,Catalunya,254,72,326
12,desembre,2011,Robatori amb violència i/o intimidació,Catalunya,34,5,39
12,desembre,2011,Robatori amb força interior vehicle,Catalunya,30,11,41
12,desembre,2011,Robatori i furt d'ús de vehicle sense intimidació,Catalunya,17,3,20
12,desembre,2011,Danys,Catalunya,70,18,88
12,desembre,2011,Falta de furt,Catalunya,,9,9
12,desembre,2011,Falta de danys,Catalunya,,3,3
1,gener,2012,Sense especificar,Catalunya,,3,3
1,gener,2012,Pèrdues i diversos,Catalunya,110,26,136
1,gener,2012,Furt,Catalunya,335,78,413
1,gener,2012,Robatori amb violència i/o intimidació,Catalunya,43,10,53
1,gener,2012,Robatori amb força interior vehicle,Catalunya,37,11,48
1,gener,2012,Robatori i furt d'ús de vehicle sense intimidació,Catalunya,26,8,34
1,gener,2012,Danys,Catalunya,108,31,139
1,gener,2012,Falta de furt,Catalunya,,16,16
1,gener,2012,Falta de danys,Catalunya,,6,6
2,febrer,2012,Sense especificar,Catalunya,,3,3
2,febrer,2012,Pèrdues i diversos,Catalunya,104,39,143
2,febrer,2012,Furt,Catalunya,248,89,337
2,febrer,2012,Furt interior vehicle,Catalunya,,1,1
2,febrer,2012,Robatori amb violència i/o intimidació,Catalunya,37,9,46
2,febrer,2012,Robatori amb força interior vehicle,Catalunya,28,18,46
2,febrer,2012,Robatori i furt d'ús de vehicle sense intimidació,Catalunya,8,3,11
2,febrer,2012,Danys,Catalunya,98,33,131
2,febrer,2012,Falta de furt,Catalunya,,16,16
2,febrer,2012,Falta de danys,Catalunya,,5,5
3,març,2012,Sense especificar,Catalunya,,1,1
3,març,2012,Pèrdues i diversos,Catalunya,119,39,158
3,març,2012,Furt,Catalunya,304,90,394
3,març,2012,Robatori amb violència i/o intimidació,Catalunya,39,15,54
3,març,2012,Robatori amb força interior vehicle,Catalunya,24,15,39
3,març,2012,Robatori i furt d'ús de vehicle sense intimidació,Catalunya,18,7,25
3,març,2012,Danys,Catalunya,112,30,142
3,març,2012,Falta de furt,Catalunya,,25,25
3,març,2012,Falta de danys,Catalunya,,5,5
4,abril,2012,Sense especificar,Catalunya,,4,4
4,abril,2012,Pèrdues i diversos,Catalunya,116,28,144
4,abril,2012,Furt,Catalunya,259,84,343
4,abril,2012,Robatori amb violència i/o intimidació,Catalunya,35,5,40
4,abril,2012,Robatori amb força interior vehicle,Catalunya,28,16,44
4,abril,2012,Robatori i furt d'ús de vehicle sense intimidació,Catalunya,13,6,19
4,abril,2012,Danys,Catalunya,90,29,119
4,abril,2012,Falta de furt,Catalunya,,20,20
4,abril,2012,Falta de danys,Catalunya,,4,4
5,maig,2012,Sense especificar,Catalunya,,4,4
5,maig,2012,Pèrdues i diversos,Catalunya,122,58,180
5,maig,2012,Furt,Catalunya,326,88,414
5,maig,2012,Robatori amb violència i/o intimidació,Catalunya,37,13,50
5,maig,2012,Robatori amb força interior vehicle,Catalunya,56,14,70
5,maig,2012,Robatori i furt d'ús de vehicle sense intimidació,Catalunya,29,5,34
5,maig,2012,Danys,Catalunya,117,31,148
5,maig,2012,Falta de furt,Catalunya,,34,34
6,juny,2012,Pèrdues i diversos,Catalunya,133,47,180
6,juny,2012,Furt,Catalunya,313,118,431
6,juny,2012,Robatori amb violència i/o intimidació,Catalunya,34,11,45
6,juny,2012,Robatori amb força interior vehicle,Catalunya,33,11,44
6,juny,2012,Robatori i furt d'ús de vehicle sense intimidació,Catalunya,11,12,23
6,juny,2012,Danys,Catalunya,106,31,137
6,juny,2012,Falta de furt,Catalunya,,21,21
6,juny,2012,Falta de danys,Catalunya,,3,3
7,juliol,2012,Sense especificar,Catalunya,,2,2
7,juliol,2012,Pèrdues i diversos,Catalunya,149,50,199
7,juliol,2012,Furt,Catalunya,362,123,485
7,juliol,2012,Robatori amb violència i/o intimidació,Catalunya,52,14,66
7,juliol,2012,Robatori amb força interior vehicle,Catalunya,37,17,54
7,juliol,2012,Robatori i furt d'ús de vehicle sense intimidació,Catalunya,19,7,26
7,juliol,2012,Danys,Catalunya,110,30,140
7,juliol,2012,Falta de furt,Catalunya,,33,33
7,juliol,2012,Falta de danys,Catalunya,,2,2
8,agost,2012,Sense especificar,Catalunya,,3,3
8,agost,2012,Pèrdues i diversos,Catalunya,109,35,144
8,agost,2012,Furt,Catalunya,261,99,360
8,agost,2012,Furt interior vehicle,Catalunya,,1,1
8,agost,2012,Robatori amb violència i/o intimidació,Catalunya,31,11,42
8,agost,2012,Robatori amb força interior vehicle,Catalunya,30,9,39
8,agost,2012,Robatori i furt d'ús de vehicle sense intimidació,Catalunya,4,8,12
8,agost,2012,Danys,Catalunya,71,10,81
8,agost,2012,Falta de furt,Catalunya,,17,17
8,agost,2012,Falta de danys,Catalunya,,2,2
9,setembre,2012,Sense especificar,Catalunya,,3,3
9,setembre,2012,Pèrdues i diversos,Catalunya,129,39,168
9,setembre,2012,Furt,Catalunya,312,125,437
9,setembre,2012,Robatori amb violència i/o intimidació,Catalunya,39,8,47
9,setembre,2012,Robatori amb força interior vehicle,Catalunya,29,13,42
9,setembre,2012,Robatori i furt d'ús de vehicle sense intimidació,Catalunya,16,10,26
9,setembre,2012,Danys,Catalunya,105,23,128
9,setembre,2012,Falta de furt,Catalunya,,25,25
9,setembre,2012,Falta de danys,Catalunya,,1,1
10,octubre,2012,Sense especificar,Catalunya,,2,2
10,octubre,2012,Pèrdues i diversos,Catalunya,160,63,223
10,octubre,2012,Furt,Catalunya,384,98,482
10,octubre,2012,Robatori amb violència i/o intimidació,Catalunya,32,8,40
10,octubre,2012,Robatori amb força interior vehicle,Catalunya,37,13,50
10,octubre,2012,Robatori i furt d'ús de vehicle sense intimidació,Catalunya,24,6,30
10,octubre,2012,Danys,Catalunya,96,36,132
10,octubre,2012,Falta de furt,Catalunya,,25,25
10,octubre,2012,Falta de danys,Catalunya,,7,7
11,novembre,2012,Sense especificar,Catalunya,,3,3
11,novembre,2012,Pèrdues i diversos,Catalunya,125,43,168
11,novembre,2012,Furt,Catalunya,313,97,410
11,novembre,2012,Robatori amb violència i/o intimidació,Catalunya,47,9,56
11,novembre,2012,Robatori amb força interior vehicle,Catalunya,40,11,51
11,novembre,2012,Robatori i furt d'ús de vehicle sense intimidació,Catalunya,15,11,26
11,novembre,2012,Danys,Catalunya,89,28,117
11,novembre,2012,Falta de furt,Catalunya,,17,17
11,novembre,2012,Falta de danys,Catalunya,,3,3
12,desembre,2012,Pèrdues i diversos,Catalunya,132,31,163
12,desembre,2012,Furt,Catalunya,299,76,375
12,desembre,2012,Robatori amb violència i/o intimidació,Catalunya,37,10,47
12,desembre,2012,Robatori amb força interior vehicle,Catalunya,29,15,44
12,desembre,2012,Robatori i furt d'ús de vehicle sense intimidació,Catalunya,21,12,33
12,desembre,2012,Danys,Catalunya,76,31,107
12,desembre,2012,Falta de furt,Catalunya,,16,16
12,desembre,2012,Falta de danys,Catalunya,,2,2
1,gener,2013,Sense especificar,Catalunya,,3,3
1,gener,2013,Pèrdues i diversos,Catalunya,151,40,191
1,gener,2013,Furt,Catalunya,293,104,397
1,gener,2013,Robatori amb violència i/o intimidació,Catalunya,42,10,52
1,gener,2013,Robatori amb força interior vehicle,Catalunya,27,12,39
1,gener,2013,Robatori i furt d'ús de vehicle sense intimidació,Catalunya,13,2,15
1,gener,2013,Danys,Catalunya,84,28,112
1,gener,2013,Falta de furt,Catalunya,,16,16
1,gener,2013,Falta de danys,Catalunya,,2,2
2,febrer,2013,Sense especificar,Catalunya,,3,3
2,febrer,2013,Pèrdues i diversos,Catalunya,132,45,177
2,febrer,2013,Furt,Catalunya,328,87,415
2,febrer,2013,Robatori amb violència i/o intimidació,Catalunya,35,10,45
2,febrer,2013,Robatori amb força interior vehicle,Catalunya,30,13,43
2,febrer,2013,Robatori i furt d'ús de vehicle sense intimidació,Catalunya,16,7,23
2,febrer,2013,Danys,Catalunya,88,21,109
2,febrer,2013,Falta de furt,Catalunya,,12,12
2,febrer,2013,Falta de danys,Catalunya,,1,1
3,març,2013,Sense especificar,Catalunya,,1,1
3,març,2013,Pèrdues i diversos,Catalunya,126,31,157
3,març,2013,Furt,Catalunya,305,92,397
3,març,2013,Furt interior vehicle,Catalunya,,1,1
3,març,2013,Robatori amb violència i/o intimidació,Catalunya,35,10,45
3,març,2013,Robatori amb força interior vehicle,Catalunya,35,16,51
3,març,2013,Robatori i furt d'ús de vehicle sense intimidació,Catalunya,19,5,24
3,març,2013,Danys,Catalunya,65,16,81
3,març,2013,Falta de furt,Catalunya,,17,17
4,abril,2013,Sense especificar,Catalunya,,1,1
4,abril,2013,Pèrdues i diversos,Catalunya,145,32,177
4,abril,2013,Furt,Catalunya,415,81,496
4,abril,2013,Robatori amb violència i/o intimidació,Catalunya,39,11,50
4,abril,2013,Robatori amb força interior vehicle,Catalunya,32,12,44
4,abril,2013,Robatori i furt d'ús de vehicle sense intimidació,Catalunya,22,7,29
4,abril,2013,Danys,Catalunya,90,11,101
4,abril,2013,Falta de furt,Catalunya,,11,11
4,abril,2013,Falta de danys,Catalunya,,2,2
5,maig,2013,Sense especificar,Catalunya,,2,2
5,maig,2013,Pèrdues i diversos,Catalunya,140,40,180
5,maig,2013,Furt,Catalunya,312,78,390
5,maig,2013,Robatori amb violència i/o intimidació,Catalunya,29,9,38
5,maig,2013,Robatori amb força interior vehicle,Catalunya,24,13,37
5,maig,2013,Robatori i furt d'ús de vehicle sense intimidació,Catalunya,10,10,20
5,maig,2013,Danys,Catalunya,91,18,109
5,maig,2013,Falta de furt,Catalunya,,26,26
5,maig,2013,Falta de danys,Catalunya,,5,5
6,juny,2013,Pèrdues i diversos,Catalunya,144,43,187
6,juny,2013,Furt,Catalunya,333,103,436
6,juny,2013,Furt interior vehicle,Catalunya,,1,1
6,juny,2013,Robatori amb violència i/o intimidació,Catalunya,39,15,54
6,juny,2013,Robatori amb força interior vehicle,Catalunya,30,12,42
6,juny,2013,Robatori i furt d'ús de vehicle sense intimidació,Catalunya,19,4,23
6,juny,2013,Danys,Catalunya,78,18,96
6,juny,2013,Falta de furt,Catalunya,,26,26
6,juny,2013,Falta de danys,Catalunya,,1,1
7,juliol,2013,Sense especificar,Catalunya,,1,1
7,juliol,2013,Pèrdues i diversos,Catalunya,183,49,232
7,juliol,2013,Furt,Catalunya,375,122,497
7,juliol,2013,Robatori amb violència i/o intimidació,Catalunya,45,21,66
7,juliol,2013,Robatori amb força interior vehicle,Catalunya,27,16,43
7,juliol,2013,Robatori i furt d'ús de vehicle sense intimidació,Catalunya,25,8,33
7,juliol,2013,Danys,Catalunya,78,28,106
7,juliol,2013,Falta de furt,Catalunya,,25,25
7,juliol,2013,Falta de danys,Catalunya,,3,3
8,agost,2013,Sense especificar,Catalunya,,1,1
8,agost,2013,Pèrdues i diversos,Catalunya,125,52,177
8,agost,2013,Furt,Catalunya,259,99,358
8,agost,2013,Furt interior vehicle,Catalunya,,1,1
8,agost,2013,Robatori amb violència i/o intimidació,Catalunya,25,15,40
8,agost,2013,Robatori amb força interior vehicle,Catalunya,29,14,43
8,agost,2013,Robatori i furt d'ús de vehicle sense intimidació,Catalunya,19,4,23
8,agost,2013,Danys,Catalunya,63,19,82
8,agost,2013,Falta de furt,Catalunya,,15,15
8,agost,2013,Falta de danys,Catalunya,,3,3
9,setembre,2013,Sense especificar,Catalunya,,1,1
9,setembre,2013,Pèrdues i diversos,Catalunya,143,44,187
9,setembre,2013,Furt,Catalunya,326,87,413
9,setembre,2013,Furt interior vehicle,Catalunya,,1,1
9,setembre,2013,Robatori amb violència i/o intimidació,Catalunya,32,7,39
9,setembre,2013,Robatori amb força interior vehicle,Catalunya,23,9,32
9,setembre,2013,Robatori i furt d'ús de vehicle sense intimidació,Catalunya,19,6,25
9,setembre,2013,Danys,Catalunya,91,28,119
9,setembre,2013,Falta de furt,Catalunya,,29,29
9,setembre,2013,Falta de danys,Catalunya,,2,2
10,octubre,2013,Sense especificar,Catalunya,,1,1
10,octubre,2013,Pèrdues i diversos,Catalunya,153,43,196
10,octubre,2013,Furt,Catalunya,286,80,366
10,octubre,2013,Robatori amb violència i/o intimidació,Catalunya,30,13,43
10,octubre,2013,Robatori amb força interior vehicle,Catalunya,33,16,49
10,octubre,2013,Robatori i furt d'ús de vehicle sense intimidació,Catalunya,24,6,30
10,octubre,2013,Danys,Catalunya,87,17,104
10,octubre,2013,Falta de furt,Catalunya,,21,21
10,octubre,2013,Falta de danys,Catalunya,,1,1
11,novembre,2013,Sense especificar,Catalunya,,2,2
11,novembre,2013,Pèrdues i diversos,Catalunya,138,39,177
11,novembre,2013,Furt,Catalunya,272,77,349
11,novembre,2013,Robatori amb violència i/o intimidació,Catalunya,37,22,59
11,novembre,2013,Robatori amb força interior vehicle,Catalunya,29,9,38
11,novembre,2013,Robatori i furt d'ús de vehicle sense intimidació,Catalunya,12,10,22
11,novembre,2013,Danys,Catalunya,87,27,114
11,novembre,2013,Falta de furt,Catalunya,,20,20
11,novembre,2013,Falta de danys,Catalunya,,3,3
12,desembre,2013,Pèrdues i diversos,Catalunya,140,44,184
12,desembre,2013,Furt,Catalunya,270,75,345
12,desembre,2013,Robatori amb violència i/o intimidació,Catalunya,32,10,42
12,desembre,2013,Robatori amb força interior vehicle,Catalunya,38,16,54
12,desembre,2013,Robatori i furt d'ús de vehicle sense intimidació,Catalunya,17,8,25
12,desembre,2013,Danys,Catalunya,73,26,99
12,desembre,2013,Falta de furt,Catalunya,,14,14
12,desembre,2013,Falta de danys,Catalunya,,1,1
1,gener,2014,Sense especificar,Catalunya,,2,2
1,gener,2014,Pèrdues i diversos,Catalunya,116,30,146
1,gener,2014,Furt,Catalunya,268,82,350
1,gener,2014,Robatori amb violència i/o intimidació,Catalunya,32,9,41
1,gener,2014,Robatori amb força interior vehicle,Catalunya,23,11,34
1,gener,2014,Robatori i furt d'ús de vehicle sense intimidació,Catalunya,11,6,17
1,gener,2014,Danys,Catalunya,96,30,126
1,gener,2014,Falta de furt,Catalunya,,25,25
1,gener,2014,Falta de danys,Catalunya,,5,5
2,febrer,2014,Sense especificar,Catalunya,,1,1
2,febrer,2014,Pèrdues i diversos,Catalunya,83,36,119
2,febrer,2014,Furt,Catalunya,272,79,351
2,febrer,2014,Robatori amb violència i/o intimidació,Catalunya,41,6,47
2,febrer,2014,Robatori amb força interior vehicle,Catalunya,18,10,28
2,febrer,2014,Robatori i furt d'ús de vehicle sense intimidació,Catalunya,18,6,24
2,febrer,2014,Danys,Catalunya,64,20,84
2,febrer,2014,Falta de furt,Catalunya,,17,17
2,febrer,2014,Falta de danys,Catalunya,,3,3
3,març,2014,Sense especificar,Catalunya,,4,4
3,març,2014,Pèrdues i diversos,Catalunya,117,31,148
3,març,2014,Furt,Catalunya,301,91,392
3,març,2014,Robatori amb violència i/o intimidació,Catalunya,30,11,41
3,març,2014,Robatori amb força interior vehicle,Catalunya,25,8,33
3,març,2014,Robatori i furt d'ús de vehicle sense intimidació,Catalunya,11,10,21
3,març,2014,Danys,Catalunya,84,15,99
3,març,2014,Falta de furt,Catalunya,,28,28
3,març,2014,Falta de danys,Catalunya,,3,3
4,abril,2014,Sense especificar,Catalunya,,3,3
4,abril,2014,Pèrdues i diversos,Catalunya,100,28,128
4,abril,2014,Furt,Catalunya,258,119,377
4,abril,2014,Robatori amb violència i/o intimidació,Catalunya,31,7,38
4,abril,2014,Robatori amb força interior vehicle,Catalunya,21,5,26
4,abril,2014,Robatori i furt d'ús de vehicle sense intimidació,Catalunya,12,3,15
4,abril,2014,Danys,Catalunya,85,27,112
4,abril,2014,Falta de furt,Catalunya,,31,31
4,abril,2014,Falta de danys,Catalunya,,5,5
5,maig,2014,Sense especificar,Catalunya,,2,2
5,maig,2014,Pèrdues i diversos,Catalunya,135,55,190
5,maig,2014,Furt,Catalunya,256,120,376
5,maig,2014,Furt interior vehicle,Catalunya,,1,1
5,maig,2014,Robatori amb violència i/o intimidació,Catalunya,29,8,37
5,maig,2014,Robatori amb força interior vehicle,Catalunya,21,9,30
5,maig,2014,Robatori i furt d'ús de vehicle sense intimidació,Catalunya,14,5,19
5,maig,2014,Danys,Catalunya,117,24,141
5,maig,2014,Falta de furt,Catalunya,,50,50
5,maig,2014,Falta de danys,Catalunya,,7,7
6,juny,2014,Sense especificar,Catalunya,,12,12
6,juny,2014,Pèrdues i diversos,Catalunya,146,51,197
6,juny,2014,Furt,Catalunya,307,131,438
6,juny,2014,Robatori amb violència i/o intimidació,Catalunya,30,10,40
6,juny,2014,Robatori amb força interior vehicle,Catalunya,21,13,34
6,juny,2014,Robatori i furt d'ús de vehicle sense intimidació,Catalunya,8,6,14
6,juny,2014,Danys,Catalunya,71,20,91
6,juny,2014,Falta de furt,Catalunya,,34,34
6,juny,2014,Falta de danys,Catalunya,,5,5
7,juliol,2014,Sense especificar,Catalunya,,28,28
7,juliol,2014,Pèrdues i diversos,Catalunya,155,42,197
7,juliol,2014,Furt,Catalunya,308,121,429
7,juliol,2014,Robatori amb violència i/o intimidació,Catalunya,34,15,49
7,juliol,2014,Robatori amb força interior vehicle,Catalunya,21,10,31
7,juliol,2014,Robatori i furt d'ús de vehicle sense intimidació,Catalunya,15,2,17
7,juliol,2014,Danys,Catalunya,93,27,120
7,juliol,2014,Falta de furt,Catalunya,,33,33
7,juliol,2014,Falta de danys,Catalunya,,7,7
8,agost,2014,Sense especificar,Catalunya,,24,24
8,agost,2014,Pèrdues i diversos,Catalunya,113,50,163
8,agost,2014,Furt,Catalunya,259,105,364
8,agost,2014,Robatori amb violència i/o intimidació,Catalunya,25,7,32
8,agost,2014,Robatori amb força interior vehicle,Catalunya,15,11,26
8,agost,2014,Robatori i furt d'ús de vehicle sense intimidació,Catalunya,13,2,15
8,agost,2014,Danys,Catalunya,52,10,62
8,agost,2014,Falta de furt,Catalunya,,24,24
8,agost,2014,Falta de danys,Catalunya,,3,3
9,setembre,2014,Sense especificar,Catalunya,,38,38
9,setembre,2014,Pèrdues i diversos,Catalunya,157,47,204
9,setembre,2014,Furt,Catalunya,255,96,351
9,setembre,2014,Robatori amb violència i/o intimidació,Catalunya,33,10,43
9,setembre,2014,Robatori amb força interior vehicle,Catalunya,20,11,31
9,setembre,2014,Robatori i furt d'ús de vehicle sense intimidació,Catalunya,18,4,22
9,setembre,2014,Danys,Catalunya,100,22,122
9,setembre,2014,Falta de furt,Catalunya,,23,23
9,setembre,2014,Falta de danys,Catalunya,,4,4
10,octubre,2014,Sense especificar,Catalunya,,16,16
10,octubre,2014,Pèrdues i diversos,Catalunya,141,60,201
10,octubre,2014,Furt,Catalunya,319,101,420
10,octubre,2014,Robatori amb violència i/o intimidació,Catalunya,31,17,48
10,octubre,2014,Robatori amb força interior vehicle,Catalunya,18,10,28
10,octubre,2014,Robatori i furt d'ús de vehicle sense intimidació,Catalunya,10,4,14
10,octubre,2014,Danys,Catalunya,71,21,92
10,octubre,2014,Falta de furt,Catalunya,,34,34
10,octubre,2014,Falta de danys,Catalunya,,4,4
11,novembre,2014,Sense especificar,Catalunya,,8,8
11,novembre,2014,Pèrdues i diversos,Catalunya,129,44,173
11,novembre,2014,Furt,Catalunya,265,112,377
11,novembre,2014,Robatori amb violència i/o intimidació,Catalunya,38,13,51
11,novembre,2014,Robatori amb força interior vehicle,Catalunya,16,10,26
11,novembre,2014,Robatori i furt d'ús de vehicle sense intimidació,Catalunya,16,4,20
11,novembre,2014,Danys,Catalunya,89,26,115
11,novembre,2014,Falta de furt,Catalunya,,40,40
11,novembre,2014,Falta de danys,Catalunya,,5,5
12,desembre,2014,Sense especificar,Catalunya,,5,5
12,desembre,2014,Pèrdues i diversos,Catalunya,135,35,170
12,desembre,2014,Furt,Catalunya,305,91,396
12,desembre,2014,Robatori amb violència i/o intimidació,Catalunya,33,16,49
12,desembre,2014,Robatori amb força interior vehicle,Catalunya,21,3,24
12,desembre,2014,Robatori i furt d'ús de vehicle sense intimidació,Catalunya,9,4,13
12,desembre,2014,Danys,Catalunya,77,18,95
12,desembre,2014,Falta de furt,Catalunya,,18,18
12,desembre,2014,Falta de danys,Catalunya,,3,3
1,gener,2015,Sense especificar,Catalunya,,4,4
1,gener,2015,Pèrdues i diversos,Catalunya,114,39,153
1,gener,2015,Furt,Catalunya,244,93,337
1,gener,2015,Robatori amb violència i/o intimidació,Catalunya,33,12,45
1,gener,2015,Robatori amb força interior vehicle,Catalunya,20,10,30
1,gener,2015,Robatori i furt d'ús de vehicle sense intimidació,Catalunya,14,3,17
1,gener,2015,Danys,Catalunya,87,19,106
1,gener,2015,Falta de furt,Catalunya,,34,34
1,gener,2015,Falta de danys,Catalunya,,2,2
2,febrer,2015,Sense especificar,Catalunya,,4,4
2,febrer,2015,Pèrdues i diversos,Catalunya,116,52,168
2,febrer,2015,Furt,Catalunya,262,94,356
2,febrer,2015,Robatori amb violència i/o intimidació,Catalunya,33,4,37
2,febrer,2015,Robatori amb força interior vehicle,Catalunya,12,6,18
2,febrer,2015,Robatori i furt d'ús de vehicle sense intimidació,Catalunya,14,10,24
2,febrer,2015,Danys,Catalunya,88,16,104
2,febrer,2015,Falta de furt,Catalunya,,28,28
2,febrer,2015,Falta de danys,Catalunya,,4,4
3,març,2015,Sense especificar,Catalunya,,3,3
3,març,2015,Pèrdues i diversos,Catalunya,129,45,174
3,març,2015,Furt,Catalunya,285,124,409
3,març,2015,Robatori amb violència i/o intimidació,Catalunya,40,14,54
3,març,2015,Robatori amb força interior vehicle,Catalunya,22,16,38
3,març,2015,Robatori i furt d'ús de vehicle sense intimidació,Catalunya,19,4,23
3,març,2015,Danys,Catalunya,97,27,124
3,març,2015,Falta de furt,Catalunya,,42,42
3,març,2015,Falta de danys,Catalunya,,3,3
4,abril,2015,Sense especificar,Catalunya,,3,3
4,abril,2015,Pèrdues i diversos,Catalunya,147,62,209
4,abril,2015,Furt,Catalunya,260,108,368
4,abril,2015,Robatori amb violència i/o intimidació,Catalunya,25,15,40
4,abril,2015,Robatori amb força interior vehicle,Catalunya,19,10,29
4,abril,2015,Robatori i furt d'ús de vehicle sense intimidació,Catalunya,11,4,15
4,abril,2015,Danys,Catalunya,84,24,108
4,abril,2015,Falta de furt,Catalunya,,34,34
4,abril,2015,Falta de danys,Catalunya,,3,3
5,maig,2015,Sense especificar,Catalunya,,8,8
5,maig,2015,Pèrdues i diversos,Catalunya,141,48,189
5,maig,2015,Furt,Catalunya,301,147,448
5,maig,2015,Robatori amb violència i/o intimidació,Catalunya,44,11,55
5,maig,2015,Robatori amb força interior vehicle,Catalunya,18,7,25
5,maig,2015,Robatori i furt d'ús de vehicle sense intimidació,Catalunya,14,6,20
5,maig,2015,Danys,Catalunya,92,26,118
5,maig,2015,Falta de furt,Catalunya,,38,38
5,maig,2015,Falta de danys,Catalunya,,5,5
6,juny,2015,Sense especificar,Catalunya,,6,6
6,juny,2015,Pèrdues i diversos,Catalunya,163,50,213
6,juny,2015,Furt,Catalunya,337,135,472
6,juny,2015,Robatori amb violència i/o intimidació,Catalunya,46,13,59
6,juny,2015,Robatori amb força interior vehicle,Catalunya,18,11,29
6,juny,2015,Robatori i furt d'ús de vehicle sense intimidació,Catalunya,17,5,22
6,juny,2015,Danys,Catalunya,81,27,108
6,juny,2015,Falta de furt,Catalunya,,37,37
6,juny,2015,Falta de danys,Catalunya,,2,2
7,juliol,2015,Sense especificar,Catalunya,,5,5
7,juliol,2015,Pèrdues i diversos,Catalunya,130,57,187
7,juliol,2015,Furt,Catalunya,368,125,493
7,juliol,2015,Robatori amb violència i/o intimidació,Catalunya,39,5,44
7,juliol,2015,Robatori amb força interior vehicle,Catalunya,21,7,28
7,juliol,2015,Robatori i furt d'ús de vehicle sense intimidació,Catalunya,17,3,20
7,juliol,2015,Danys,Catalunya,96,25,121
7,juliol,2015,Falta de furt,Catalunya,,25,25
7,juliol,2015,Falta de danys,Catalunya,,2,2
8,agost,2015,Sense especificar,Catalunya,,5,5
8,agost,2015,Pèrdues i diversos,Catalunya,113,50,163
8,agost,2015,Furt,Catalunya,236,146,382
8,agost,2015,Robatori amb violència i/o intimidació,Catalunya,41,8,49
8,agost,2015,Robatori amb força interior vehicle,Catalunya,14,7,21
8,agost,2015,Robatori i furt d'ús de vehicle sense intimidació,Catalunya,4,4,8
8,agost,2015,Danys,Catalunya,59,25,84
8,agost,2015,Falta de furt,Catalunya,,25,25
8,agost,2015,Falta de danys,Catalunya,,1,1
9,setembre,2015,Sense especificar,Catalunya,,2,2
9,setembre,2015,Pèrdues i diversos,Catalunya,120,40,160
9,setembre,2015,Furt,Catalunya,278,121,399
9,setembre,2015,Furt interior vehicle,Catalunya,,1,1
9,setembre,2015,Robatori amb violència i/o intimidació,Catalunya,37,5,42
9,setembre,2015,Robatori amb força interior vehicle,Catalunya,18,8,26
9,setembre,2015,Robatori i furt d'ús de vehicle sense intimidació,Catalunya,10,2,12
9,setembre,2015,Danys,Catalunya,70,28,98
9,setembre,2015,Falta de furt,Catalunya,,19,19
9,setembre,2015,Falta de danys,Catalunya,,6,6
10,octubre,2015,Sense especificar,Catalunya,,7,7
10,octubre,2015,Pèrdues i diversos,Catalunya,152,39,191
10,octubre,2015,Furt,Catalunya,275,124,399
10,octubre,2015,Furt interior vehicle,Catalunya,,1,1
10,octubre,2015,Robatori amb violència i/o intimidació,Catalunya,34,6,40
10,octubre,2015,Robatori amb força interior vehicle,Catalunya,18,3,21
10,octubre,2015,Robatori i furt d'ús de vehicle sense intimidació,Catalunya,15,5,20
10,octubre,2015,Danys,Catalunya,98,19,117
10,octubre,2015,Falta de furt,Catalunya,,19,19
10,octubre,2015,Falta de danys,Catalunya,,2,2
11,novembre,2015,Sense especificar,Catalunya,,4,4
11,novembre,2015,Pèrdues i diversos,Catalunya,145,24,169
11,novembre,2015,Furt,Catalunya,299,110,409
11,novembre,2015,Robatori amb violència i/o intimidació,Catalunya,50,16,66
11,novembre,2015,Robatori amb força interior vehicle,Catalunya,15,6,21
11,novembre,2015,Robatori i furt d'ús de vehicle sense intimidació,Catalunya,15,3,18
11,novembre,2015,Danys,Catalunya,96,20,116
11,novembre,2015,Falta de furt,Catalunya,,10,10
11,novembre,2015,Falta de danys,Catalunya,,4,4
12,desembre,2015,Sense especificar,Catalunya,,1,1
12,desembre,2015,Pèrdues i diversos,Catalunya,124,37,161
12,desembre,2015,Furt,Catalunya,285,105,390
12,desembre,2015,Robatori amb violència i/o intimidació,Catalunya,35,6,41
12,desembre,2015,Robatori amb força interior vehicle,Catalunya,20,5,25
12,desembre,2015,Robatori i furt d'ús de vehicle sense intimidació,Catalunya,17,5,22
12,desembre,2015,Danys,Catalunya,85,15,100
12,desembre,2015,Falta de furt,Catalunya,,14,14
12,desembre,2015,Falta de danys,Catalunya,,1,1
1,gener,2016,Sense especificar,Catalunya,1,3,4
1,gener,2016,Pèrdues i diversos,Catalunya,115,32,147
1,gener,2016,Furt,Catalunya,254,108,362
1,gener,2016,Robatori amb violència i/o intimidació,Catalunya,29,4,33
1,gener,2016,Robatori amb força interior vehicle,Catalunya,13,6,19
1,gener,2016,Robatori i furt d'ús de vehicle sense intimidació,Catalunya,6,5,11
1,gener,2016,Danys,Catalunya,73,16,89
1,gener,2016,Falta de furt,Catalunya,,20,20
1,gener,2016,Falta de danys,Catalunya,,5,5
2,febrer,2016,Sense especificar,Catalunya,1,9,10
2,febrer,2016,Pèrdues i diversos,Catalunya,132,38,170
2,febrer,2016,Furt,Catalunya,304,140,444
2,febrer,2016,Robatori amb violència i/o intimidació,Catalunya,29,7,36
2,febrer,2016,Robatori amb força interior vehicle,Catalunya,13,14,27
2,febrer,2016,Robatori i furt d'ús de vehicle sense intimidació,Catalunya,11,2,13
2,febrer,2016,Danys,Catalunya,94,20,114
2,febrer,2016,Falta de furt,Catalunya,,25,25
2,febrer,2016,Falta de danys,Catalunya,,4,4
3,març,2016,Sense especificar,Catalunya,,4,4
3,març,2016,Pèrdues i diversos,Catalunya,155,40,195
3,març,2016,Furt,Catalunya,294,116,410
3,març,2016,Robatori amb violència i/o intimidació,Catalunya,33,10,43
3,març,2016,Robatori amb força interior vehicle,Catalunya,13,11,24
3,març,2016,Robatori i furt d'ús de vehicle sense intimidació,Catalunya,15,5,20
3,març,2016,Danys,Catalunya,115,27,142
3,març,2016,Falta de furt,Catalunya,,16,16
3,març,2016,Falta de danys,Catalunya,,2,2
4,abril,2016,Sense especificar,Catalunya,,4,4
4,abril,2016,Pèrdues i diversos,Catalunya,131,31,162
4,abril,2016,Furt,Catalunya,283,112,395
4,abril,2016,Robatori amb violència i/o intimidació,Catalunya,31,6,37
4,abril,2016,Robatori amb força interior vehicle,Catalunya,20,13,33
4,abril,2016,Robatori i furt d'ús de vehicle sense intimidació,Catalunya,21,2,23
4,abril,2016,Danys,Catalunya,81,24,105
4,abril,2016,Falta de furt,Catalunya,,24,24
4,abril,2016,Falta de danys,Catalunya,,4,4
5,maig,2016,Sense especificar,Catalunya,,2,2
5,maig,2016,Pèrdues i diversos,Catalunya,155,38,193
5,maig,2016,Furt,Catalunya,364,124,488
5,maig,2016,Robatori amb violència i/o intimidació,Catalunya,40,10,50
5,maig,2016,Robatori amb força interior vehicle,Catalunya,31,8,39
5,maig,2016,Robatori i furt d'ús de vehicle sense intimidació,Catalunya,17,5,22
5,maig,2016,Danys,Catalunya,120,23,143
5,maig,2016,Falta de furt,Catalunya,,24,24
5,maig,2016,Falta de danys,Catalunya,,4,4
6,juny,2016,Sense especificar,Catalunya,,4,4
6,juny,2016,Pèrdues i diversos,Catalunya,182,42,224
6,juny,2016,Furt,Catalunya,322,137,459
6,juny,2016,Furt interior vehicle,Catalunya,,1,1
6,juny,2016,Robatori amb violència i/o intimidació,Catalunya,30,12,42
6,juny,2016,Robatori amb força interior vehicle,Catalunya,20,7,27
6,juny,2016,Robatori i furt d'ús de vehicle sense intimidació,Catalunya,19,5,24
6,juny,2016,Danys,Catalunya,104,28,132
6,juny,2016,Falta de furt,Catalunya,,16,16
6,juny,2016,Falta de danys,Catalunya,,4,4
7,juliol,2016,Sense especificar,Catalunya,1,3,4
7,juliol,2016,Pèrdues i diversos,Catalunya,187,49,236
7,juliol,2016,Furt,Catalunya,372,104,476
7,juliol,2016,Robatori amb violència i/o intimidació,Catalunya,47,20,67
7,juliol,2016,Robatori amb força interior vehicle,Catalunya,22,6,28
7,juliol,2016,Robatori i furt d'ús de vehicle sense intimidació,Catalunya,13,2,15
7,juliol,2016,Danys,Catalunya,99,27,126
7,juliol,2016,Falta de furt,Catalunya,,25,25
7,juliol,2016,Falta de danys,Catalunya,,4,4
8,agost,2016,Sense especificar,Catalunya,1,1,2
8,agost,2016,Pèrdues i diversos,Catalunya,155,31,186
8,agost,2016,Furt,Catalunya,310,112,422
8,agost,2016,Robatori amb violència i/o intimidació,Catalunya,33,9,42
8,agost,2016,Robatori amb força interior vehicle,Catalunya,17,5,22
8,agost,2016,Robatori i furt d'ús de vehicle sense intimidació,Catalunya,11,2,13
8,agost,2016,Danys,Catalunya,82,29,111
8,agost,2016,Falta de furt,Catalunya,,18,18
8,agost,2016,Falta de danys,Catalunya,,3,3
9,setembre,2016,Sense especificar,Catalunya,,2,2
9,setembre,2016,Pèrdues i diversos,Catalunya,128,39,167
9,setembre,2016,Furt,Catalunya,272,87,359
9,setembre,2016,Robatori amb violència i/o intimidació,Catalunya,24,9,33
9,setembre,2016,Robatori amb força interior vehicle,Catalunya,17,7,24
9,setembre,2016,Robatori i furt d'ús de vehicle sense intimidació,Catalunya,10,3,13
9,setembre,2016,Danys,Catalunya,80,34,114
9,setembre,2016,Falta de furt,Catalunya,,18,18
9,setembre,2016,Falta de danys,Catalunya,,6,6
10,octubre,2016,Sense especificar,Catalunya,,4,4
10,octubre,2016,Pèrdues i diversos,Catalunya,164,47,211
10,octubre,2016,Furt,Catalunya,317,88,405
10,octubre,2016,Furt interior vehicle,Catalunya,,1,1
10,octubre,2016,Robatori amb violència i/o intimidació,Catalunya,31,5,36
10,octubre,2016,Robatori amb força interior vehicle,Catalunya,27,5,32
10,octubre,2016,Robatori i furt d'ús de vehicle sense intimidació,Catalunya,4,4,8
10,octubre,2016,Danys,Catalunya,90,27,117
10,octubre,2016,Falta de furt,Catalunya,,21,21
10,octubre,2016,Falta de danys,Catalunya,,5,5
11,novembre,2016,Sense especificar,Catalunya,,3,3
11,novembre,2016,Pèrdues i diversos,Catalunya,152,39,191
11,novembre,2016,Furt,Catalunya,292,96,388
11,novembre,2016,Furt interior vehicle,Catalunya,,1,1
11,novembre,2016,Robatori amb violència i/o intimidació,Catalunya,29,6,35
11,novembre,2016,Robatori amb força interior vehicle,Catalunya,17,16,33
11,novembre,2016,Robatori i furt d'ús de vehicle sense intimidació,Catalunya,14,6,20
11,novembre,2016,Danys,Catalunya,88,36,124
11,novembre,2016,Falta de furt,Catalunya,,12,12
11,novembre,2016,Falta de danys,Catalunya,,4,4
12,desembre,2016,Sense especificar,Catalunya,,4,4
12,desembre,2016,Pèrdues i diversos,Catalunya,160,53,213
12,desembre,2016,Furt,Catalunya,305,96,401
12,desembre,2016,Furt interior vehicle,Catalunya,,1,1
12,desembre,2016,Robatori amb violència i/o intimidació,Catalunya,35,4,39
12,desembre,2016,Robatori amb força interior vehicle,Catalunya,14,5,19
12,desembre,2016,Robatori i furt d'ús de vehicle sense intimidació,Catalunya,17,4,21
12,desembre,2016,Danys,Catalunya,106,22,128
12,desembre,2016,Falta de furt,Catalunya,,13,13
12,desembre,2016,Falta de danys,Catalunya,,3,3
1,gener,2017,Danys,Catalunya,80,30,110
1,gener,2017,Falta de danys,Catalunya,,2,2
1,gener,2017,Falta de furt,Catalunya,,19,19
1,gener,2017,Furt,Catalunya,258,104,362
1,gener,2017,Pèrdues i diversos,Catalunya,,52,52
1,gener,2017,Robatori amb força interior vehicle,Catalunya,16,5,21
1,gener,2017,Robatori amb violència i/o intimidació,Catalunya,,7,7
1,gener,2017,Robatori i furt d'ús de vehicle sense intimidació,Catalunya,12,2,14
1,gener,2017,Sense especificar,Catalunya,,5,5
1,gener,2017,Robatori amb força,Catalunya,36,,36
1,gener,2017,Pèrdua d'objectes,Catalunya,147,,147
2,febrer,2017,Danys,Catalunya,75,33,108
2,febrer,2017,Falta de furt,Catalunya,,15,15
2,febrer,2017,Furt,Catalunya,266,81,347
2,febrer,2017,Pèrdues i diversos,Catalunya,,34,34
2,febrer,2017,Robatori amb força interior vehicle,Catalunya,16,5,21
2,febrer,2017,Robatori amb violència i/o intimidació,Catalunya,,11,11
2,febrer,2017,Robatori i furt d'ús de vehicle sense intimidació,Catalunya,8,3,11
2,febrer,2017,Sense especificar,Catalunya,1,4,5
2,febrer,2017,Robatori amb força,Catalunya,37,,37
2,febrer,2017,Pèrdua d'objectes,Catalunya,147,,147
3,març,2017,Danys,Catalunya,70,17,87
3,març,2017,Falta de danys,Catalunya,,3,3
3,març,2017,Falta de furt,Catalunya,,14,14
3,març,2017,Furt,Catalunya,304,101,405
3,març,2017,Pèrdues i diversos,Catalunya,,40,40
3,març,2017,Robatori amb força interior vehicle,Catalunya,22,10,32
3,març,2017,Robatori amb violència i/o intimidació,Catalunya,,15,15
3,març,2017,Robatori i furt d'ús de vehicle sense intimidació,Catalunya,9,3,12
3,març,2017,Sense especificar,Catalunya,,9,9
3,març,2017,Robatori amb força,Catalunya,37,,37
3,març,2017,Pèrdua d'objectes,Catalunya,165,,165
4,abril,2017,Danys,Catalunya,70,27,97
4,abril,2017,Falta de danys,Catalunya,,3,3
4,abril,2017,Falta de furt,Catalunya,,15,15
4,abril,2017,Furt,Catalunya,238,67,305
4,abril,2017,Pèrdues i diversos,Catalunya,,45,45
4,abril,2017,Robatori amb força interior vehicle,Catalunya,16,4,20
4,abril,2017,Robatori amb violència i/o intimidació,Catalunya,,7,7
4,abril,2017,Robatori i furt d'ús de vehicle sense intimidació,Catalunya,25,2,27
4,abril,2017,Sense especificar,Catalunya,,6,6
4,abril,2017,Robatori amb força,Catalunya,29,1,30
4,abril,2017,Pèrdua d'objectes,Catalunya,104,,104
5,maig,2017,Danys,Catalunya,91,20,111
5,maig,2017,Falta de danys,Catalunya,,2,2
5,maig,2017,Falta de furt,Catalunya,,22,22
5,maig,2017,Furt,Catalunya,298,103,401
5,maig,2017,Pèrdues i diversos,Catalunya,,1,1
5,maig,2017,Robatori amb força interior vehicle,Catalunya,25,14,39
5,maig,2017,Robatori i furt d'ús de vehicle sense intimidació,Catalunya,21,8,29
5,maig,2017,Sense especificar,Catalunya,,8,8
5,maig,2017,Robatori amb força,Catalunya,43,10,53
5,maig,2017,Pèrdua d'objectes,Catalunya,182,38,220
5,maig,2017,Furt interior vehicle,Catalunya,,1,1
6,juny,2017,Danys,Catalunya,96,38,134
6,juny,2017,Falta de danys,Catalunya,,4,4
6,juny,2017,Falta de furt,Catalunya,,35,35
6,juny,2017,Furt,Catalunya,372,87,459
6,juny,2017,Robatori amb força interior vehicle,Catalunya,17,10,27
6,juny,2017,Robatori i furt d'ús de vehicle sense intimidació,Catalunya,17,4,21
6,juny,2017,Sense especificar,Catalunya,1,5,6
6,juny,2017,Robatori amb força,Catalunya,36,13,49
6,juny,2017,Pèrdua d'objectes,Catalunya,197,43,240
6,juny,2017,Furt interior vehicle,Catalunya,,1,1
7,juliol,2017,Danys,Catalunya,88,16,104
7,juliol,2017,Falta de danys,Catalunya,,5,5
7,juliol,2017,Falta de furt,Catalunya,,28,28
7,juliol,2017,Furt,Catalunya,356,123,479
7,juliol,2017,Robatori amb força interior vehicle,Catalunya,21,9,30
7,juliol,2017,Robatori i furt d'ús de vehicle sense intimidació,Catalunya,13,8,21
7,juliol,2017,Sense especificar,Catalunya,2,4,6
7,juliol,2017,Robatori amb força,Catalunya,34,11,45
7,juliol,2017,Pèrdua d'objectes,Catalunya,217,47,264
7,juliol,2017,Furt interior vehicle,Catalunya,,1,1
8,agost,2017,Danys,Catalunya,68,17,85
8,agost,2017,Falta de danys,Catalunya,,2,2
8,agost,2017,Falta de furt,Catalunya,,27,27
8,agost,2017,Furt,Catalunya,299,92,391
8,agost,2017,Robatori amb força interior vehicle,Catalunya,23,11,34
8,agost,2017,Robatori i furt d'ús de vehicle sense intimidació,Catalunya,14,4,18
8,agost,2017,Sense especificar,Catalunya,1,2,3
8,agost,2017,Robatori amb força,Catalunya,40,7,47
8,agost,2017,Pèrdua d'objectes,Catalunya,182,53,235
8,agost,2017,Furt interior vehicle,Catalunya,,1,1
9,setembre,2017,Danys,Catalunya,83,35,118
9,setembre,2017,Falta de danys,Catalunya,,5,5
9,setembre,2017,Falta de furt,Catalunya,,32,32
9,setembre,2017,Furt,Catalunya,336,99,435
9,setembre,2017,Robatori amb força interior vehicle,Catalunya,19,3,22
9,setembre,2017,Robatori i furt d'ús de vehicle sense intimidació,Catalunya,15,7,22
9,setembre,2017,Sense especificar,Catalunya,1,2,3
9,setembre,2017,Robatori amb força,Catalunya,37,14,51
9,setembre,2017,Pèrdua d'objectes,Catalunya,192,60,252
10,octubre,2017,Danys,Catalunya,90,20,110
10,octubre,2017,Falta de furt,Catalunya,,13,13
10,octubre,2017,Furt,Catalunya,319,77,396
10,octubre,2017,Robatori amb força interior vehicle,Catalunya,15,3,18
10,octubre,2017,Robatori i furt d'ús de vehicle sense intimidació,Catalunya,17,9,26
10,octubre,2017,Sense especificar,Catalunya,1,3,4
10,octubre,2017,Robatori amb força,Catalunya,44,13,57
10,octubre,2017,Pèrdua d'objectes,Catalunya,165,35,200
11,novembre,2017,Danys,Catalunya,87,25,112
11,novembre,2017,Falta de danys,Catalunya,,2,2
11,novembre,2017,Falta de furt,Catalunya,,21,21
11,novembre,2017,Furt,Catalunya,350,55,405
11,novembre,2017,Robatori amb força interior vehicle,Catalunya,17,8,25
11,novembre,2017,Robatori i furt d'ús de vehicle sense intimidació,Catalunya,20,5,25
11,novembre,2017,Sense especificar,Catalunya,1,6,7
11,novembre,2017,Robatori amb força,Catalunya,29,5,34
11,novembre,2017,Pèrdua d'objectes,Catalunya,151,47,198
12,desembre,2017,Danys,Catalunya,83,16,99
12,desembre,2017,Falta de danys,Catalunya,,2,2
12,desembre,2017,Falta de furt,Catalunya,,22,22
12,desembre,2017,Furt,Catalunya,318,66,384
12,desembre,2017,Robatori amb força interior vehicle,Catalunya,15,4,19
12,desembre,2017,Robatori i furt d'ús de vehicle sense intimidació,Catalunya,16,1,17
12,desembre,2017,Sense especificar,Catalunya,,5,5
12,desembre,2017,Robatori amb força,Catalunya,32,8,40
12,desembre,2017,Pèrdua d'objectes,Catalunya,137,33,170
1,gener,2018,Danys,Catalunya,114,9,123
1,gener,2018,Falta de danys,Catalunya,,1,1
1,gener,2018,Falta de furt,Catalunya,,13,13
1,gener,2018,Furt,Catalunya,383,71,454
1,gener,2018,Pèrdues i diversos,Catalunya,110,27,137
1,gener,2018,Robatori amb força interior vehicle,Catalunya,19,10,29
1,gener,2018,Robatori amb violència i/o intimidació,Catalunya,21,2,23
1,gener,2018,Robatori i furt d'ús de vehicle sense intimidació,Catalunya,11,,11
1,gener,2018,Sense especificar,Catalunya,1,6,7
1,gener,2018,Robatori amb força,Catalunya,19,4,23
1,gener,2018,Pèrdua d'objectes,Catalunya,90,8,98
2,febrer,2018,Danys,Catalunya,97,30,127
2,febrer,2018,Falta de danys,Catalunya,,2,2
2,febrer,2018,Falta de furt,Catalunya,,23,23
2,febrer,2018,Furt,Catalunya,345,95,440
2,febrer,2018,Pèrdues i diversos,Catalunya,192,26,218
2,febrer,2018,Robatori amb força interior vehicle,Catalunya,19,7,26
2,febrer,2018,Robatori amb violència i/o intimidació,Catalunya,42,5,47
2,febrer,2018,Robatori i furt d'ús de vehicle sense intimidació,Catalunya,13,3,16
2,febrer,2018,Sense especificar,Catalunya,2,12,14
3,març,2018,Danys,Catalunya,85,24,109
3,març,2018,Falta de danys,Catalunya,,3,3
3,març,2018,Falta de furt,Catalunya,,25,25
3,març,2018,Furt,Catalunya,383,95,478
3,març,2018,Pèrdues i diversos,Catalunya,205,44,249
3,març,2018,Robatori amb força interior vehicle,Catalunya,16,8,24
3,març,2018,Robatori amb violència i/o intimidació,Catalunya,36,6,42
3,març,2018,Robatori i furt d'ús de vehicle sense intimidació,Catalunya,13,4,17
3,març,2018,Sense especificar,Catalunya,1,5,6
4,abril,2018,Danys,Catalunya,71,16,87
4,abril,2018,Falta de danys,Catalunya,,2,2
4,abril,2018,Falta de furt,Catalunya,,21,21
4,abril,2018,Furt,Catalunya,351,87,438
4,abril,2018,Pèrdues i diversos,Catalunya,208,47,255
4,abril,2018,Robatori amb força interior vehicle,Catalunya,23,3,26
4,abril,2018,Robatori amb violència i/o intimidació,Catalunya,38,5,43
4,abril,2018,Robatori i furt d'ús de vehicle sense intimidació,Catalunya,16,6,22
4,abril,2018,Sense especificar,Catalunya,1,8,9
5,maig,2018,Danys,Catalunya,102,21,123
5,maig,2018,Falta de furt,Catalunya,,30,30
5,maig,2018,Furt,Catalunya,363,82,445
5,maig,2018,Pèrdues i diversos,Catalunya,269,49,318
5,maig,2018,Robatori amb força interior vehicle,Catalunya,24,14,38
5,maig,2018,Robatori amb violència i/o intimidació,Catalunya,34,16,50
5,maig,2018,Robatori i furt d'ús de vehicle sense intimidació,Catalunya,13,7,20
5,maig,2018,Sense especificar,Catalunya,1,7,8
5,maig,2018,Furt interior vehicle,Catalunya,,1,1
6,juny,2018,Danys,Catalunya,105,17,122
6,juny,2018,Falta de danys,Catalunya,,2,2
6,juny,2018,Falta de furt,Catalunya,,22,22
6,juny,2018,Furt,Catalunya,477,101,578
6,juny,2018,Pèrdues i diversos,Catalunya,189,47,236
6,juny,2018,Robatori amb força interior vehicle,Catalunya,23,5,28
6,juny,2018,Robatori amb violència i/o intimidació,Catalunya,44,12,56
6,juny,2018,Robatori i furt d'ús de vehicle sense intimidació,Catalunya,9,6,15
6,juny,2018,Sense especificar,Catalunya,,5,5
7,juliol,2018,Danys,Catalunya,122,23,145
7,juliol,2018,Falta de danys,Catalunya,,7,7
7,juliol,2018,Falta de furt,Catalunya,,24,24
7,juliol,2018,Furt,Catalunya,484,122,606
7,juliol,2018,Pèrdues i diversos,Catalunya,231,63,294
7,juliol,2018,Robatori amb força interior vehicle,Catalunya,28,16,44
7,juliol,2018,Robatori amb violència i/o intimidació,Catalunya,51,12,63
7,juliol,2018,Robatori i furt d'ús de vehicle sense intimidació,Catalunya,23,6,29
7,juliol,2018,Sense especificar,Catalunya,,9,9
8,agost,2018,Danys,Catalunya,97,22,119
8,agost,2018,Falta de danys,Catalunya,,1,1
8,agost,2018,Falta de furt,Catalunya,,22,22
8,agost,2018,Furt,Catalunya,380,76,456
8,agost,2018,Pèrdues i diversos,Catalunya,222,51,273
8,agost,2018,Robatori amb força interior vehicle,Catalunya,26,15,41
8,agost,2018,Robatori amb violència i/o intimidació,Catalunya,42,9,51
8,agost,2018,Robatori i furt d'ús de vehicle sense intimidació,Catalunya,13,1,14
8,agost,2018,Sense especificar,Catalunya,,6,6
9,setembre,2018,Danys,Catalunya,92,20,112
9,setembre,2018,Falta de danys,Catalunya,,1,1
9,setembre,2018,Falta de furt,Catalunya,,31,31
9,setembre,2018,Furt,Catalunya,465,100,565
9,setembre,2018,Pèrdues i diversos,Catalunya,216,52,268
9,setembre,2018,Robatori amb força interior vehicle,Catalunya,24,5,29
9,setembre,2018,Robatori amb violència i/o intimidació,Catalunya,48,11,59
9,setembre,2018,Robatori i furt d'ús de vehicle sense intimidació,Catalunya,14,8,22
9,setembre,2018,Sense especificar,Catalunya,,5,5
10,octubre,2018,Danys,Catalunya,100,27,127
10,octubre,2018,Falta de furt,Catalunya,,23,23
10,octubre,2018,Furt,Catalunya,490,88,578
10,octubre,2018,Pèrdues i diversos,Catalunya,242,64,306
10,octubre,2018,Robatori amb força interior vehicle,Catalunya,18,9,27
10,octubre,2018,Robatori amb violència i/o intimidació,Catalunya,60,24,84
10,octubre,2018,Robatori i furt d'ús de vehicle sense intimidació,Catalunya,20,6,26
10,octubre,2018,Sense especificar,Catalunya,,2,2
11,novembre,2018,Danys,Catalunya,123,31,154
11,novembre,2018,Falta de danys,Catalunya,,4,4
11,novembre,2018,Falta de furt,Catalunya,,18,18
11,novembre,2018,Furt,Catalunya,514,103,617
11,novembre,2018,Pèrdues i diversos,Catalunya,262,56,318
11,novembre,2018,Robatori amb força interior vehicle,Catalunya,26,6,32
11,novembre,2018,Robatori amb violència i/o intimidació,Catalunya,59,35,94
11,novembre,2018,Robatori i furt d'ús de vehicle sense intimidació,Catalunya,29,8,37
11,novembre,2018,Sense especificar,Catalunya,,3,3
11,novembre,2018,Furt interior vehicle,Catalunya,,1,1
12,desembre,2018,Danys,Catalunya,86,29,115
12,desembre,2018,Falta de danys,Catalunya,,3,3
12,desembre,2018,Falta de furt,Catalunya,,32,32
12,desembre,2018,Furt,Catalunya,498,92,590
12,desembre,2018,Pèrdues i diversos,Catalunya,254,53,307
12,desembre,2018,Robatori amb força interior vehicle,Catalunya,34,4,38
12,desembre,2018,Robatori amb violència i/o intimidació,Catalunya,58,30,88
12,desembre,2018,Robatori i furt d'ús de vehicle sense intimidació,Catalunya,16,7,23
12,desembre,2018,Sense especificar,Catalunya,,7,7
1,gener,2019,Danys,Catalunya,113,19,132
1,gener,2019,Falta de danys,Catalunya,,6,6
1,gener,2019,Falta de furt,Catalunya,,18,18
1,gener,2019,Furt,Catalunya,438,114,552
1,gener,2019,Pèrdues i diversos,Catalunya,282,63,345
1,gener,2019,Robatori amb força interior vehicle,Catalunya,33,13,46
1,gener,2019,Robatori amb violència i/o intimidació,Catalunya,50,26,76
1,gener,2019,Robatori i furt d'ús de vehicle sense intimidació,Catalunya,14,5,19
1,gener,2019,Sense especificar,Catalunya,6,6,12
2,febrer,2019,Danys,Catalunya,91,24,115
2,febrer,2019,Falta de danys,Catalunya,,7,7
2,febrer,2019,Falta de furt,Catalunya,,14,14
2,febrer,2019,Furt,Catalunya,405,94,499
2,febrer,2019,Pèrdues i diversos,Catalunya,215,51,266
2,febrer,2019,Robatori amb força interior vehicle,Catalunya,28,9,37
2,febrer,2019,Robatori amb violència i/o intimidació,Catalunya,45,16,61
2,febrer,2019,Robatori i furt d'ús de vehicle sense intimidació,Catalunya,22,4,26
2,febrer,2019,Sense especificar,Catalunya,1,4,5
3,març,2019,Danys,Catalunya,110,26,136
3,març,2019,Falta de danys,Catalunya,,4,4
3,març,2019,Falta de furt,Catalunya,,20,20
3,març,2019,Furt,Catalunya,518,112,630
3,març,2019,Pèrdues i diversos,Catalunya,251,55,306
3,març,2019,Robatori amb força interior vehicle,Catalunya,30,9,39
3,març,2019,Robatori amb violència i/o intimidació,Catalunya,52,20,72
3,març,2019,Robatori i furt d'ús de vehicle sense intimidació,Catalunya,27,9,36
3,març,2019,Sense especificar,Catalunya,1,6,7
4,abril,2019,Danys,Catalunya,116,17,133
4,abril,2019,Falta de danys,Catalunya,,9,9
4,abril,2019,Falta de furt,Catalunya,,22,22
4,abril,2019,Furt,Catalunya,501,115,616
4,abril,2019,Pèrdues i diversos,Catalunya,256,73,329
4,abril,2019,Robatori amb força interior vehicle,Catalunya,32,14,46
4,abril,2019,Robatori amb violència i/o intimidació,Catalunya,31,14,45
4,abril,2019,Robatori i furt d'ús de vehicle sense intimidació,Catalunya,20,5,25
4,abril,2019,Sense especificar,Catalunya,1,4,5
5,maig,2019,Danys,Catalunya,106,33,139
5,maig,2019,Falta de danys,Catalunya,,12,12
5,maig,2019,Falta de furt,Catalunya,,28,28
5,maig,2019,Furt,Catalunya,512,99,611
5,maig,2019,Pèrdues i diversos,Catalunya,311,77,388
5,maig,2019,Robatori amb força interior vehicle,Catalunya,29,12,41
5,maig,2019,Robatori amb violència i/o intimidació,Catalunya,41,24,65
5,maig,2019,Robatori i furt d'ús de vehicle sense intimidació,Catalunya,18,6,24
5,maig,2019,Sense especificar,Catalunya,,4,4
5,maig,2019,Furt interior vehicle,Catalunya,,1,1
6,juny,2019,Danys,Catalunya,100,26,126
6,juny,2019,Falta de danys,Catalunya,,11,11
6,juny,2019,Falta de furt,Catalunya,,33,33
6,juny,2019,Furt,Catalunya,505,112,617
6,juny,2019,Pèrdues i diversos,Catalunya,314,68,382
6,juny,2019,Robatori amb força interior vehicle,Catalunya,34,9,43
6,juny,2019,Robatori amb violència i/o intimidació,Catalunya,38,18,56
6,juny,2019,Robatori i furt d'ús de vehicle sense intimidació,Catalunya,10,10,20
6,juny,2019,Sense especificar,Catalunya,,2,2
6,juny,2019,Furt interior vehicle,Catalunya,,1,1
7,juliol,2019,Danys,Catalunya,145,41,186
7,juliol,2019,Falta de danys,Catalunya,,12,12
7,juliol,2019,Falta de furt,Catalunya,,39,39
7,juliol,2019,Furt,Catalunya,578,151,729
7,juliol,2019,Pèrdues i diversos,Catalunya,336,72,408
7,juliol,2019,Robatori amb força interior vehicle,Catalunya,31,7,38
7,juliol,2019,Robatori amb violència i/o intimidació,Catalunya,38,9,47
7,juliol,2019,Robatori i furt d'ús de vehicle sense intimidació,Catalunya,14,9,23
7,juliol,2019,Sense especificar,Catalunya,,3,3
8,agost,2019,Danys,Catalunya,77,35,112
8,agost,2019,Falta de danys,Catalunya,,10,10
8,agost,2019,Falta de furt,Catalunya,,26,26
8,agost,2019,Furt,Catalunya,462,129,591
8,agost,2019,Pèrdues i diversos,Catalunya,255,39,294
8,agost,2019,Robatori amb força interior vehicle,Catalunya,38,13,51
8,agost,2019,Robatori amb violència i/o intimidació,Catalunya,44,14,58
8,agost,2019,Robatori i furt d'ús de vehicle sense intimidació,Catalunya,18,3,21
8,agost,2019,Sense especificar,Catalunya,,2,2
9,setembre,2019,Danys,Catalunya,108,28,136
9,setembre,2019,Falta de danys,Catalunya,,8,8
9,setembre,2019,Falta de furt,Catalunya,,32,32
9,setembre,2019,Furt,Catalunya,488,136,624
9,setembre,2019,Pèrdues i diversos,Catalunya,289,62,351
9,setembre,2019,Robatori amb força interior vehicle,Catalunya,40,12,52
9,setembre,2019,Robatori amb violència i/o intimidació,Catalunya,36,20,56
9,setembre,2019,Robatori i furt d'ús de vehicle sense intimidació,Catalunya,19,2,21
9,setembre,2019,Sense especificar,Catalunya,,2,2
10,octubre,2019,Danys,Catalunya,113,29,142
10,octubre,2019,Falta de danys,Catalunya,,12,12
10,octubre,2019,Falta de furt,Catalunya,,27,27
10,octubre,2019,Furt,Catalunya,429,122,551
10,octubre,2019,Pèrdues i diversos,Catalunya,253,66,319
10,octubre,2019,Robatori amb força interior vehicle,Catalunya,39,14,53
10,octubre,2019,Robatori amb violència i/o intimidació,Catalunya,54,15,69
10,octubre,2019,Robatori i furt d'ús de vehicle sense intimidació,Catalunya,13,3,16
10,octubre,2019,Sense especificar,Catalunya,,6,6
10,octubre,2019,Furt interior vehicle,Catalunya,,1,1
11,novembre,2019,Danys,Catalunya,122,34,156
11,novembre,2019,Falta de danys,Catalunya,,10,10
11,novembre,2019,Falta de furt,Catalunya,,20,20
11,novembre,2019,Furt,Catalunya,456,140,596
11,novembre,2019,Pèrdues i diversos,Catalunya,227,47,274
11,novembre,2019,Robatori amb força interior vehicle,Catalunya,35,9,44
11,novembre,2019,Robatori amb violència i/o intimidació,Catalunya,53,13,66
11,novembre,2019,Robatori i furt d'ús de vehicle sense intimidació,Catalunya,18,4,22
11,novembre,2019,Sense especificar,Catalunya,,5,5
12,desembre,2019,Danys,Catalunya,123,18,141
12,desembre,2019,Falta de danys,Catalunya,,8,8
12,desembre,2019,Falta de furt,Catalunya,,18,18
12,desembre,2019,Furt,Catalunya,534,94,628
12,desembre,2019,Pèrdues i diversos,Catalunya,288,56,344
12,desembre,2019,Robatori amb força interior vehicle,Catalunya,37,6,43
12,desembre,2019,Robatori amb violència i/o intimidació,Catalunya,45,18,63
12,desembre,2019,Robatori i furt d'ús de vehicle sense intimidació,Catalunya,16,2,18
12,desembre,2019,Sense especificar,Catalunya,,2,2
1,gener,2020,Danys,Catalunya,116,24,140
1,gener,2020,Falta de danys,Catalunya,,7,7
1,gener,2020,Falta de furt,Catalunya,,16,16
1,gener,2020,Furt,Catalunya,492,112,604
1,gener,2020,Pèrdues i diversos,Catalunya,247,54,301
1,gener,2020,Robatori amb força interior vehicle,Catalunya,27,15,42
1,gener,2020,Robatori amb violència i/o intimidació,Catalunya,59,14,73
1,gener,2020,Robatori i furt d'ús de vehicle sense intimidació,Catalunya,16,6,22
1,gener,2020,Sense especificar,Catalunya,,4,4
2,febrer,2020,Danys,Catalunya,114,21,135
2,febrer,2020,Falta de danys,Catalunya,,15,15
2,febrer,2020,Falta de furt,Catalunya,,23,23
2,febrer,2020,Furt,Catalunya,403,119,522
2,febrer,2020,Pèrdues i diversos,Catalunya,239,42,281
2,febrer,2020,Robatori amb força interior vehicle,Catalunya,35,9,44
2,febrer,2020,Robatori amb violència i/o intimidació,Catalunya,45,6,51
2,febrer,2020,Robatori i furt d'ús de vehicle sense intimidació,Catalunya,11,5,16
2,febrer,2020,Sense especificar,Catalunya,,4,4
3,març,2020,Danys,Catalunya,206,31,237
3,març,2020,Falta de danys,Catalunya,,7,7
3,març,2020,Falta de furt,Catalunya,,13,13
3,març,2020,Furt,Catalunya,568,65,633
3,març,2020,Pèrdues i diversos,Catalunya,257,31,288
3,març,2020,Robatori amb força interior vehicle,Catalunya,84,16,100
3,març,2020,Robatori amb violència i/o intimidació,Catalunya,89,25,114
3,març,2020,Robatori i furt d'ús de vehicle sense intimidació,Catalunya,22,,22
3,març,2020,Sense especificar,Catalunya,,2,2
4,abril,2020,Danys,Catalunya,308,28,336
4,abril,2020,Falta de danys,Catalunya,,4,4
4,abril,2020,Falta de furt,Catalunya,,5,5
4,abril,2020,Furt,Catalunya,671,46,717
4,abril,2020,Pèrdues i diversos,Catalunya,251,26,277
4,abril,2020,Robatori amb força interior vehicle,Catalunya,67,15,82
4,abril,2020,Robatori amb violència i/o intimidació,Catalunya,96,8,104
4,abril,2020,Robatori i furt d'ús de vehicle sense intimidació,Catalunya,19,2,21
4,abril,2020,Sense especificar,Catalunya,2,6,8
4,abril,2020,Furt interior vehicle,Catalunya,,1,1
5,maig,2020,Danys,Catalunya,267,38,305
5,maig,2020,Falta de danys,Catalunya,,14,14
5,maig,2020,Falta de furt,Catalunya,,12,12
5,maig,2020,Furt,Catalunya,516,73,589
5,maig,2020,Pèrdues i diversos,Catalunya,326,76,402
5,maig,2020,Robatori amb força interior vehicle,Catalunya,67,14,81
5,maig,2020,Robatori amb violència i/o intimidació,Catalunya,70,24,94
5,maig,2020,Robatori i furt d'ús de vehicle sense intimidació,Catalunya,19,1,20
5,maig,2020,Sense especificar,Catalunya,,5,5
6,juny,2020,Danys,Catalunya,220,50,270
6,juny,2020,Falta de danys,Catalunya,,6,6
6,juny,2020,Falta de furt,Catalunya,,19,19
6,juny,2020,Furt,Catalunya,432,75,507
6,juny,2020,Pèrdues i diversos,Catalunya,335,76,411
6,juny,2020,Robatori amb força interior vehicle,Catalunya,51,18,69
6,juny,2020,Robatori amb violència i/o intimidació,Catalunya,70,14,84
6,juny,2020,Robatori i furt d'ús de vehicle sense intimidació,Catalunya,11,1,12
6,juny,2020,Sense especificar,Catalunya,2,4,6
6,juny,2020,Furt interior vehicle,Catalunya,,1,1
7,juliol,2020,Danys,Catalunya,202,48,250
7,juliol,2020,Falta de danys,Catalunya,,17,17
7,juliol,2020,Falta de furt,Catalunya,,16,16
7,juliol,2020,Furt,Catalunya,511,105,616
7,juliol,2020,Pèrdues i diversos,Catalunya,319,81,400
7,juliol,2020,Robatori amb força interior vehicle,Catalunya,61,16,77
7,juliol,2020,Robatori amb violència i/o intimidació,Catalunya,60,12,72
7,juliol,2020,Robatori i furt d'ús de vehicle sense intimidació,Catalunya,23,3,26
7,juliol,2020,Sense especificar,Catalunya,,3,3
7,juliol,2020,Furt interior vehicle,Catalunya,,1,1
8,agost,2020,Danys,Catalunya,147,24,171
8,agost,2020,Falta de danys,Catalunya,,7,7
8,agost,2020,Falta de furt,Catalunya,,16,16
8,agost,2020,Furt,Catalunya,340,60,400
8,agost,2020,Pèrdues i diversos,Catalunya,275,50,325
8,agost,2020,Robatori amb força interior vehicle,Catalunya,45,15,60
8,agost,2020,Robatori amb violència i/o intimidació,Catalunya,46,23,69
8,agost,2020,Robatori i furt d'ús de vehicle sense intimidació,Catalunya,16,5,21
8,agost,2020,Sense especificar,Catalunya,1,3,4
8,agost,2020,Furt interior vehicle,Catalunya,,2,2
9,setembre,2020,Danys,Catalunya,146,46,192
9,setembre,2020,Falta de danys,Catalunya,,26,26
9,setembre,2020,Falta de furt,Catalunya,,19,19
9,setembre,2020,Furt,Catalunya,296,67,363
9,setembre,2020,Pèrdues i diversos,Catalunya,234,53,287
9,setembre,2020,Robatori amb força interior vehicle,Catalunya,39,21,60
9,setembre,2020,Robatori amb violència i/o intimidació,Catalunya,45,15,60
9,setembre,2020,Robatori i furt d'ús de vehicle sense intimidació,Catalunya,11,4,15
9,setembre,2020,Sense especificar,Catalunya,,3,3
9,setembre,2020,Furt interior vehicle,Catalunya,,2,2
10,octubre,2020,Danys,Catalunya,144,53,197
10,octubre,2020,Falta de danys,Catalunya,,12,12
10,octubre,2020,Falta de furt,Catalunya,,11,11
10,octubre,2020,Furt,Catalunya,349,81,430
10,octubre,2020,Pèrdues i diversos,Catalunya,270,68,338
10,octubre,2020,Robatori amb força interior vehicle,Catalunya,59,11,70
10,octubre,2020,Robatori amb violència i/o intimidació,Catalunya,37,11,48
10,octubre,2020,Robatori i furt d'ús de vehicle sense intimidació,Catalunya,16,5,21
10,octubre,2020,Sense especificar,Catalunya,,2,2
10,octubre,2020,Furt interior vehicle,Catalunya,,1,1
11,novembre,2020,Danys,Catalunya,158,27,185
11,novembre,2020,Falta de danys,Catalunya,,10,10
11,novembre,2020,Falta de furt,Catalunya,,6,6
11,novembre,2020,Furt,Catalunya,381,68,449
11,novembre,2020,Pèrdues i diversos,Catalunya,215,56,271
11,novembre,2020,Robatori amb força interior vehicle,Catalunya,72,10,82
11,novembre,2020,Robatori amb violència i/o intimidació,Catalunya,36,11,47
11,novembre,2020,Robatori i furt d'ús de vehicle sense intimidació,Catalunya,23,2,25
11,novembre,2020,Sense especificar,Catalunya,,1,1
11,novembre,2020,Furt interior vehicle,Catalunya,,1,1
12,desembre,2020,Danys,Catalunya,112,16,128
12,desembre,2020,Falta de danys,Catalunya,,3,3
12,desembre,2020,Falta de furt,Catalunya,,4,4
12,desembre,2020,Furt,Catalunya,293,39,332
12,desembre,2020,Pèrdues i diversos,Catalunya,188,39,227
12,desembre,2020,Robatori amb força interior vehicle,Catalunya,41,10,51
12,desembre,2020,Robatori amb violència i/o intimidació,Catalunya,41,6,47
12,desembre,2020,Robatori i furt d'ús de vehicle sense intimidació,Catalunya,18,4,22
12,desembre,2020,Sense especificar,Catalunya,,2,2
1,gener,2021,Danys,Catalunya,141,28,169
1,gener,2021,Furt,Catalunya,360,85,445
1,gener,2021,Pèrdues i diversos,Catalunya,199,49,248
1,gener,2021,Robatori amb força interior vehicle,Catalunya,35,12,47
1,gener,2021,Robatori amb violència i/o intimidació,Catalunya,40,3,43
1,gener,2021,Robatori i furt d'ús de vehicle sense intimidació,Catalunya,22,4,26
1,gener,2021,Sense especificar,Catalunya,,3,3
1,gener,2021,Furt (lleu),Catalunya,,11,11
1,gener,2021,Danys (lleu),Catalunya,,6,6
2,febrer,2021,Danys,Catalunya,170,32,202
2,febrer,2021,Furt,Catalunya,353,85,438
2,febrer,2021,Pèrdues i diversos,Catalunya,233,42,275
2,febrer,2021,Robatori amb força interior vehicle,Catalunya,52,14,66
2,febrer,2021,Robatori amb violència i/o intimidació,Catalunya,49,9,58
2,febrer,2021,Robatori i furt d'ús de vehicle sense intimidació,Catalunya,21,2,23
2,febrer,2021,Sense especificar,Catalunya,,2,2
2,febrer,2021,Furt interior vehicle,Catalunya,,1,1
2,febrer,2021,Furt (lleu),Catalunya,,17,17
2,febrer,2021,Danys (lleu),Catalunya,,23,23
3,març,2021,Danys,Catalunya,156,39,195
3,març,2021,Furt,Catalunya,357,63,420
3,març,2021,Pèrdues i diversos,Catalunya,286,46,332
3,març,2021,Robatori amb força interior vehicle,Catalunya,46,7,53
3,març,2021,Robatori amb violència i/o intimidació,Catalunya,30,5,35
3,març,2021,Robatori i furt d'ús de vehicle sense intimidació,Catalunya,15,2,17
3,març,2021,Sense especificar,Catalunya,,1,1
3,març,2021,Furt interior vehicle,Catalunya,,1,1
3,març,2021,Furt (lleu),Catalunya,,18,18
3,març,2021,Danys (lleu),Catalunya,,3,3
4,abril,2021,Danys,Catalunya,79,13,92
4,abril,2021,Furt,Catalunya,203,24,227
4,abril,2021,Pèrdues i diversos,Catalunya,143,23,166
4,abril,2021,Robatori amb força interior vehicle,Catalunya,20,6,26
4,abril,2021,Robatori amb violència i/o intimidació,Catalunya,27,3,30
4,abril,2021,Robatori i furt d'ús de vehicle sense intimidació,Catalunya,6,1,7
4,abril,2021,Sense especificar,Catalunya,,2,2
4,abril,2021,Furt (lleu),Catalunya,,7,7
4,abril,2021,Danys (lleu),Catalunya,,8,8
5,maig,2021,Danys,Catalunya,79,22,101
5,maig,2021,Furt,Catalunya,189,35,224
5,maig,2021,Pèrdues i diversos,Catalunya,182,30,212
5,maig,2021,Robatori amb força interior vehicle,Catalunya,25,4,29
5,maig,2021,Robatori amb violència i/o intimidació,Catalunya,28,4,32
5,maig,2021,Robatori i furt d'ús de vehicle sense intimidació,Catalunya,8,,8
5,maig,2021,Sense especificar,Catalunya,,2,2
5,maig,2021,Furt interior vehicle,Catalunya,,1,1
5,maig,2021,Furt (lleu),Catalunya,,3,3
5,maig,2021,Danys (lleu),Catalunya,,6,6
6,juny,2021,Danys,Catalunya,83,19,102
6,juny,2021,Furt,Catalunya,231,32,263
6,juny,2021,Pèrdues i diversos,Catalunya,7,,7
6,juny,2021,Robatori amb força interior vehicle,Catalunya,22,12,34
6,juny,2021,Robatori amb violència i/o intimidació,Catalunya,3,,3
6,juny,2021,Robatori i furt d'ús de vehicle sense intimidació,Catalunya,10,,10
6,juny,2021,Sense especificar,Catalunya,,1,1
6,juny,2021,Furt (lleu),Catalunya,,13,13
6,juny,2021,Danys (lleu),Catalunya,,6,6
6,juny,2021,Pèrdua d'objectes,Catalunya,190,35,225
6,juny,2021,Robatori amb força,Catalunya,26,3,29
7,juliol,2021,Danys,Catalunya,158,34,192
7,juliol,2021,Furt,Catalunya,432,66,498
7,juliol,2021,Robatori amb força interior vehicle,Catalunya,56,12,68
7,juliol,2021,Robatori i furt d'ús de vehicle sense intimidació,Catalunya,15,1,16
7,juliol,2021,Sense especificar,Catalunya,,2,2
7,juliol,2021,Furt (lleu),Catalunya,,7,7
7,juliol,2021,Danys (lleu),Catalunya,,24,24
7,juliol,2021,Pèrdua d'objectes,Catalunya,403,70,473
7,juliol,2021,Robatori amb força,Catalunya,73,6,79
8,agost,2021,Danys,Catalunya,155,24,179
8,agost,2021,Furt,Catalunya,447,66,513
8,agost,2021,Robatori amb força interior vehicle,Catalunya,59,12,71
8,agost,2021,Robatori i furt d'ús de vehicle sense intimidació,Catalunya,15,3,18
8,agost,2021,Sense especificar,Catalunya,,4,4
8,agost,2021,Furt interior vehicle,Catalunya,,1,1
8,agost,2021,Furt (lleu),Catalunya,,3,3
8,agost,2021,Danys (lleu),Catalunya,,14,14
8,agost,2021,Pèrdua d'objectes,Catalunya,421,58,479
8,agost,2021,Robatori amb força,Catalunya,40,9,49
9,setembre,2021,Danys,Catalunya,209,31,240
9,setembre,2021,Furt,Catalunya,563,79,642
9,setembre,2021,Robatori amb força interior vehicle,Catalunya,54,16,70
9,setembre,2021,Robatori i furt d'ús de vehicle sense intimidació,Catalunya,19,3,22
9,setembre,2021,Sense especificar,Catalunya,,5,5
9,setembre,2021,Furt interior vehicle,Catalunya,,2,2
9,setembre,2021,Furt (lleu),Catalunya,,13,13
9,setembre,2021,Danys (lleu),Catalunya,,13,13
9,setembre,2021,Pèrdua d'objectes,Catalunya,505,63,568
9,setembre,2021,Robatori amb força,Catalunya,63,14,77
10,octubre,2021,Danys,Catalunya,144,18,162
10,octubre,2021,Falta de danys,Catalunya,,4,4
10,octubre,2021,Falta de furt,Catalunya,,4,4
10,octubre,2021,Furt,Catalunya,556,78,634
10,octubre,2021,Robatori amb força interior vehicle,Catalunya,66,12,78
10,octubre,2021,Robatori i furt d'ús de vehicle sense intimidació,Catalunya,28,1,29
10,octubre,2021,Sense especificar,Catalunya,1,9,10
10,octubre,2021,Furt interior vehicle,Catalunya,,1,1
10,octubre,2021,Furt (lleu),Catalunya,,8,8
10,octubre,2021,Danys (lleu),Catalunya,,4,4
10,octubre,2021,Pèrdua d'objectes,Catalunya,552,76,628
10,octubre,2021,Robatori amb força,Catalunya,56,9,65
11,novembre,2021,Danys,Catalunya,163,28,191
11,novembre,2021,Furt,Catalunya,615,94,709
11,novembre,2021,Robatori amb força interior vehicle,Catalunya,73,14,87
11,novembre,2021,Robatori i furt d'ús de vehicle sense intimidació,Catalunya,18,7,25
11,novembre,2021,Sense especificar,Catalunya,,6,6
11,novembre,2021,Furt (lleu),Catalunya,,19,19
11,novembre,2021,Danys (lleu),Catalunya,,8,8
11,novembre,2021,Pèrdua d'objectes,Catalunya,582,72,654
11,novembre,2021,Robatori amb força,Catalunya,80,13,93
12,desembre,2021,Danys,Catalunya,153,38,191
12,desembre,2021,Furt,Catalunya,607,79,686
12,desembre,2021,Robatori amb força interior vehicle,Catalunya,80,16,96
12,desembre,2021,Robatori i furt d'ús de vehicle sense intimidació,Catalunya,30,2,32
12,desembre,2021,Sense especificar,Catalunya,,4,4
12,desembre,2021,Furt (lleu),Catalunya,,9,9
12,desembre,2021,Danys (lleu),Catalunya,,7,7
12,desembre,2021,Pèrdua d'objectes,Catalunya,523,97,620
12,desembre,2021,Robatori amb força,Catalunya,72,8,80
